﻿{"cameraMode":{"drawMode":0,"name":"Shaded","section":"Shading Mode"},"sceneLighting":true,"audioPlay":false,"sceneViewState":{"showFog":true,"showMaterialUpdate":false,"showSkybox":true,"showFlares":true,"showImageEffects":true,"showParticleSystems":true},"in2DMode":false,"pivot":{"x":0.005000114440917969,"y":0.44999998807907107,"z":0.0},"rotation":{"x":-0.332768052816391,"y":-0.019239060580730439,"z":0.006792085710912943,"w":-0.9427879452705383},"size":18.48269271850586,"orthographic":false}